{
  "project_info": {
    "project_number": "1001017557850",
    "project_id": "swucholarship",
    "storage_bucket": "swucholarship.appspot.com"
  },
  "client": [
    {
      "client_info": {
        "mobilesdk_app_id": "1:1001017557850:android:450db521319367cd68a963",
        "android_client_info": {
          "package_name": "com.example.main"
        }
      },
      "oauth_client": [
        {
          "client_id": "1001017557850-oa8968j7s8i9bhk16hhhghaj8t6fm1t3.apps.googleusercontent.com",
          "client_type": 3
        }
      ],
      "api_key": [
        {
          "current_key": "AIzaSyAuQXH4JjoDLDdqgN76p3b4QJajCXaRMNo"
        }
      ],
      "services": {
        "appinvite_service": {
          "other_platform_oauth_client": [
            {
              "client_id": "1001017557850-oa8968j7s8i9bhk16hhhghaj8t6fm1t3.apps.googleusercontent.com",
              "client_type": 3
            }
          ]
        }
      }
    },
    {
      "client_info": {
        "mobilesdk_app_id": "1:1001017557850:android:112296d201817c2768a963",
        "android_client_info": {
          "package_name": "com.example.search"
        }
      },
      "oauth_client": [
        {
          "client_id": "1001017557850-oa8968j7s8i9bhk16hhhghaj8t6fm1t3.apps.googleusercontent.com",
          "client_type": 3
        }
      ],
      "api_key": [
        {
          "current_key": "AIzaSyAuQXH4JjoDLDdqgN76p3b4QJajCXaRMNo"
        }
      ],
      "services": {
        "appinvite_service": {
          "other_platform_oauth_client": [
            {
              "client_id": "1001017557850-oa8968j7s8i9bhk16hhhghaj8t6fm1t3.apps.googleusercontent.com",
              "client_type": 3
            }
          ]
        }
      }
    },
    {
      "client_info": {
        "mobilesdk_app_id": "1:1001017557850:android:5f75ec3095e55d1c68a963",
        "android_client_info": {
          "package_name": "com.example.searchapp"
        }
      },
      "oauth_client": [
        {
          "client_id": "1001017557850-oa8968j7s8i9bhk16hhhghaj8t6fm1t3.apps.googleusercontent.com",
          "client_type": 3
        }
      ],
      "api_key": [
        {
          "current_key": "AIzaSyAuQXH4JjoDLDdqgN76p3b4QJajCXaRMNo"
        }
      ],
      "services": {
        "appinvite_service": {
          "other_platform_oauth_client": [
            {
              "client_id": "1001017557850-oa8968j7s8i9bhk16hhhghaj8t6fm1t3.apps.googleusercontent.com",
              "client_type": 3
            }
          ]
        }
      }
    }
  ],
  "configuration_version": "1"
}